species	genus
CustomA_1	declaredGroup1
CustomA_2	declaredGroup1
CustomA_3	declaredGroup1
CustomA_4	declaredGroup1
CustomA_5	declaredGroup1
CustomA_6	declaredGroup1
CustomA_7	declaredGroup1
CustomA_8	declaredGroup1
CustomB_1	declaredGroup2
CustomB_2	declaredGroup2
CustomB_3	declaredGroup2
CustomB_4	declaredGroup2
CustomB_5	declaredGroup2
CustomB_6	declaredGroup2
CustomB_7	declaredGroup2
CustomB_8	declaredGroup2
CustomC_1	declaredGroup3
CustomC_2	declaredGroup3
CustomC_3	declaredGroup3
CustomC_4	declaredGroup3
CustomC_5	declaredGroup3
CustomC_6	declaredGroup3
CustomC_7	declaredGroup3
CustomC_8	declaredGroup3
